,shrink,topK,feature_weighting,normalize,ICM_weight
0,469,541,none,True,415
1,350,317,TF-IDF,False,231
2,407,826,TF-IDF,False,334
3,232,344,none,False,351
4,158,563,none,True,103
5,44,822,TF-IDF,False,235
6,452,631,none,False,61
7,62,501,TF-IDF,False,226
8,24,480,none,True,431
9,412,886,none,False,92
10,59,891,none,True,148
11,483,305,none,True,248
12,29,630,TF-IDF,True,243
13,15,692,none,True,389
14,307,614,none,True,171
15,421,813,none,False,405
16,464,275,TF-IDF,False,47
17,316,771,none,False,29
18,81,247,TF-IDF,False,118
19,289,370,none,False,253
20,340,415,none,False,363
21,289,353,none,False,273
22,358,705,none,False,130
23,365,451,none,False,38
24,94,839,none,True,368
25,174,321,TF-IDF,True,67
26,132,961,none,False,123
27,388,901,TF-IDF,False,386
28,45,205,TF-IDF,False,332
29,33,337,TF-IDF,True,232
30,398,573,TF-IDF,False,274
31,325,433,none,False,387
32,465,277,none,True,347
33,231,625,none,False,166
34,459,836,none,False,81
35,263,368,none,False,443
36,352,944,none,True,149
37,432,316,TF-IDF,False,312
38,445,351,none,True,63
39,321,482,none,False,262
40,229,329,none,False,228
41,253,254,TF-IDF,True,248
42,136,487,none,True,493
43,371,333,none,False,185
44,129,339,TF-IDF,True,376
45,40,223,none,False,174
46,122,859,TF-IDF,True,399
47,407,728,TF-IDF,True,161
48,194,418,TF-IDF,True,29
49,23,708,TF-IDF,False,308
50,283,702,none,True,21
51,272,858,none,True,72
52,412,938,none,True,448
53,166,889,TF-IDF,True,202
54,185,416,none,True,24
55,223,393,TF-IDF,False,183
56,325,217,none,True,298
57,337,832,TF-IDF,True,101
58,107,290,none,False,495
59,422,802,TF-IDF,False,434
60,363,524,none,True,138
61,398,782,none,False,81
62,119,411,none,True,176
63,48,740,TF-IDF,False,91
64,154,482,none,False,446
65,64,326,none,False,130
66,273,857,none,True,67
67,207,547,none,True,265
68,211,300,TF-IDF,True,50
69,297,720,none,False,445
70,265,904,none,True,200
71,237,906,TF-IDF,False,54
72,206,729,TF-IDF,False,432
73,363,383,none,True,16
74,248,211,TF-IDF,False,455
75,368,783,TF-IDF,False,309
76,213,946,none,True,10
77,81,516,none,True,47
78,90,338,none,True,181
79,362,350,TF-IDF,False,401
80,144,667,none,True,137
81,57,970,none,True,498
82,202,618,none,False,157
83,362,232,TF-IDF,False,116
84,84,778,TF-IDF,False,467
85,331,764,none,True,405
86,234,665,TF-IDF,False,274
87,167,477,TF-IDF,True,66
88,85,745,TF-IDF,True,421
89,184,823,TF-IDF,False,28
90,10,200,none,False,5
91,319,200,none,True,5
92,10,761,none,False,5
93,299,318,none,False,5
94,220,200,TF-IDF,True,323
95,10,200,TF-IDF,True,125
96,156,200,TF-IDF,True,106
97,172,200,TF-IDF,True,117
98,124,200,TF-IDF,True,87
99,132,200,TF-IDF,True,104
100,187,200,TF-IDF,True,90
101,500,280,TF-IDF,True,288
102,109,388,TF-IDF,True,115
103,328,263,TF-IDF,True,104
104,467,207,TF-IDF,True,96
105,292,200,TF-IDF,True,98
106,500,200,TF-IDF,True,89
107,10,200,TF-IDF,True,108
108,291,200,TF-IDF,True,109
109,320,200,TF-IDF,True,106
110,312,200,TF-IDF,True,110
111,189,200,TF-IDF,True,104
112,295,200,TF-IDF,True,104
113,269,200,TF-IDF,True,109
114,491,200,TF-IDF,True,104
115,284,200,TF-IDF,True,109
116,288,200,TF-IDF,True,110
117,278,200,TF-IDF,True,109
118,273,200,TF-IDF,True,104
119,278,200,TF-IDF,True,109
120,278,200,TF-IDF,True,109
121,203,200,TF-IDF,True,103
122,283,200,TF-IDF,True,110
123,197,200,TF-IDF,True,103
124,271,200,TF-IDF,True,110
125,256,200,TF-IDF,True,105
126,208,200,TF-IDF,True,103
127,292,200,TF-IDF,True,109
128,289,200,TF-IDF,True,110
129,292,200,TF-IDF,True,109
130,302,200,TF-IDF,True,110
131,261,200,TF-IDF,True,105
132,261,200,TF-IDF,True,105
133,297,200,TF-IDF,True,109
134,198,200,TF-IDF,True,103
135,315,200,TF-IDF,True,110
136,500,200,TF-IDF,True,493
137,248,200,TF-IDF,True,107
138,500,1000,TF-IDF,True,500
139,302,200,TF-IDF,True,109
140,65,200,TF-IDF,True,101
141,212,200,TF-IDF,True,105
142,349,200,TF-IDF,True,118
143,180,200,TF-IDF,True,110
144,121,200,TF-IDF,True,104
145,124,200,TF-IDF,True,104
146,201,200,TF-IDF,True,105
147,126,200,TF-IDF,True,105
148,124,200,TF-IDF,True,105
149,176,200,TF-IDF,True,112
150,159,200,TF-IDF,True,111
151,101,200,TF-IDF,True,105
152,72,200,TF-IDF,True,105
153,109,200,TF-IDF,True,104
154,153,200,TF-IDF,True,104
155,113,200,TF-IDF,True,113
156,44,200,TF-IDF,True,104
157,87,200,TF-IDF,True,113
158,99,200,TF-IDF,True,113
159,74,200,TF-IDF,True,113
160,10,200,TF-IDF,True,5
161,10,200,TF-IDF,True,24
162,10,200,TF-IDF,True,23
163,10,200,TF-IDF,True,24
164,19,200,TF-IDF,True,281
165,10,200,TF-IDF,True,25
166,10,200,TF-IDF,True,23
167,10,200,TF-IDF,True,24
168,10,200,TF-IDF,True,22
169,10,200,TF-IDF,True,22
170,10,200,TF-IDF,True,283
171,10,1000,TF-IDF,True,314
172,10,1000,TF-IDF,True,5
173,10,200,TF-IDF,True,21
174,10,200,TF-IDF,True,19
175,10,200,TF-IDF,True,13
176,10,200,TF-IDF,True,15
177,10,200,TF-IDF,True,21
178,10,200,TF-IDF,True,15
179,10,200,TF-IDF,True,21
180,10,200,TF-IDF,True,14
181,10,200,TF-IDF,True,13
182,500,200,TF-IDF,True,276
183,10,200,TF-IDF,True,20
184,10,200,TF-IDF,True,20
185,10,200,TF-IDF,True,21
186,500,200,TF-IDF,True,276
187,500,200,TF-IDF,True,276
188,231,200,TF-IDF,True,5
189,237,414,none,True,5
190,500,200,TF-IDF,True,276
191,500,200,TF-IDF,True,439
192,500,200,TF-IDF,True,183
193,10,1000,TF-IDF,True,50
194,10,200,TF-IDF,True,10
195,10,200,TF-IDF,True,5
196,10,200,TF-IDF,True,5
197,10,200,TF-IDF,True,15
198,10,200,TF-IDF,True,14
199,10,200,TF-IDF,True,13
200,10,200,TF-IDF,True,5
201,10,200,TF-IDF,True,12
202,10,200,TF-IDF,True,135
203,10,200,TF-IDF,True,9
204,10,200,TF-IDF,True,5
205,10,200,TF-IDF,True,5
206,10,200,TF-IDF,True,5
207,10,200,TF-IDF,True,5
208,10,200,TF-IDF,True,5
209,10,200,TF-IDF,True,5
210,10,200,TF-IDF,True,5
211,10,200,TF-IDF,True,5
212,10,200,TF-IDF,True,5
213,10,200,TF-IDF,True,5
214,10,200,TF-IDF,True,5
215,249,200,TF-IDF,False,5
216,10,200,TF-IDF,True,5
217,10,200,TF-IDF,True,5
218,10,200,TF-IDF,True,5
219,10,200,TF-IDF,True,5
220,10,200,TF-IDF,True,5
221,10,200,TF-IDF,True,5
222,10,200,TF-IDF,True,5
223,10,200,TF-IDF,True,5
224,499,200,TF-IDF,True,5
225,10,200,TF-IDF,True,5
226,338,200,TF-IDF,True,5
227,10,200,TF-IDF,True,5
228,10,200,TF-IDF,True,5
229,10,200,TF-IDF,True,5
230,10,200,TF-IDF,True,5
231,10,200,TF-IDF,True,5
232,469,1000,TF-IDF,True,147
233,10,200,TF-IDF,True,5
234,10,200,TF-IDF,True,5
235,10,200,TF-IDF,True,5
236,10,200,TF-IDF,True,5
237,10,200,TF-IDF,True,5
238,10,200,TF-IDF,True,5
239,10,200,TF-IDF,True,5
240,10,200,TF-IDF,True,5
241,10,200,TF-IDF,True,5
242,10,200,TF-IDF,True,5
243,10,200,TF-IDF,True,5
244,10,200,TF-IDF,True,5
245,10,200,TF-IDF,True,5
246,10,200,TF-IDF,True,5
247,10,200,TF-IDF,True,5
248,10,200,TF-IDF,True,5
249,10,200,TF-IDF,True,5
250,10,200,TF-IDF,True,5
251,10,200,TF-IDF,True,5
252,10,200,TF-IDF,True,5
253,10,200,TF-IDF,True,5
254,10,1000,TF-IDF,True,145
255,10,200,TF-IDF,True,5
256,10,200,TF-IDF,True,5
257,10,200,TF-IDF,True,5
258,10,200,TF-IDF,True,5
259,10,200,TF-IDF,True,5
260,10,200,TF-IDF,True,5
261,10,200,TF-IDF,True,5
262,10,200,TF-IDF,True,5
263,10,200,TF-IDF,True,5
264,95,200,TF-IDF,True,5
265,10,200,TF-IDF,True,5
266,10,200,TF-IDF,True,5
267,10,200,TF-IDF,True,5
268,10,200,TF-IDF,True,5
269,10,200,TF-IDF,True,5
270,42,200,TF-IDF,True,5
271,10,200,TF-IDF,True,5
272,10,200,TF-IDF,True,5
273,10,200,TF-IDF,True,5
274,10,200,TF-IDF,True,5
275,10,200,TF-IDF,True,5
276,10,200,TF-IDF,True,5
277,10,200,TF-IDF,True,5
278,320,200,TF-IDF,True,5
279,498,200,TF-IDF,True,5
280,10,200,TF-IDF,True,5
281,10,200,TF-IDF,True,5
282,10,200,TF-IDF,True,5
283,10,200,TF-IDF,True,5
284,500,1000,TF-IDF,True,143
285,10,200,TF-IDF,True,5
286,10,200,TF-IDF,True,5
287,10,200,TF-IDF,True,5
288,10,200,TF-IDF,True,5
289,196,200,TF-IDF,True,5
290,10,200,TF-IDF,True,5
291,10,200,TF-IDF,True,5
292,10,200,TF-IDF,True,5
293,10,200,TF-IDF,True,5
294,10,200,TF-IDF,True,5
295,137,200,TF-IDF,True,5
296,500,1000,TF-IDF,True,5
297,500,200,TF-IDF,True,5
298,10,200,TF-IDF,True,5
299,10,200,TF-IDF,True,5
