,topK,shrink,similarity,normalize
0,651,43,cosine,True
1,450,37,cosine,False
2,712,38,cosine,False
3,180,4,cosine,True
4,872,71,cosine,False
5,801,4,cosine,False
6,241,53,cosine,True
7,397,38,cosine,True
8,857,96,cosine,True
9,675,37,cosine,True
10,64,83,cosine,False
11,87,28,cosine,True
12,212,65,cosine,True
13,860,83,cosine,True
14,537,58,cosine,True
15,997,8,cosine,True
16,998,96,cosine,True
17,593,0,cosine,True
18,998,0,cosine,False
19,65,1,cosine,False
20,996,100,cosine,False
21,835,0,cosine,True
22,339,0,cosine,True
23,709,0,cosine,True
24,665,0,cosine,True
25,511,100,cosine,False
26,664,0,cosine,True
27,378,100,cosine,True
28,669,0,cosine,True
29,276,100,cosine,False
30,51,95,cosine,True
31,81,40,cosine,False
32,677,100,cosine,True
33,916,92,cosine,True
34,679,0,cosine,True
35,397,83,cosine,False
36,671,63,cosine,False
37,659,0,cosine,True
38,951,87,cosine,True
39,840,11,cosine,True
40,661,0,cosine,True
41,668,0,cosine,True
42,51,1,cosine,True
43,290,0,cosine,False
44,996,41,cosine,True
45,664,0,cosine,True
46,1000,53,cosine,False
47,209,99,cosine,False
48,908,6,cosine,True
49,916,96,cosine,False
