,topK,shrink,similarity,normalize
0,312,177,cosine,True
1,212,282,cosine,False
2,728,651,cosine,False
3,954,300,cosine,False
4,981,276,cosine,True
5,177,917,cosine,True
6,892,365,cosine,False
7,48,967,cosine,True
8,662,514,cosine,False
9,66,948,cosine,False
10,919,348,cosine,False
11,43,854,cosine,True
12,968,463,cosine,True
13,979,712,cosine,True
14,700,579,cosine,True
15,425,994,cosine,True
16,531,0,cosine,True
17,237,0,cosine,True
18,7,5,cosine,False
19,386,998,cosine,False
20,775,0,cosine,True
21,660,0,cosine,True
22,1000,974,cosine,False
23,435,1,cosine,False
24,20,9,cosine,True
25,835,176,cosine,False
26,290,190,cosine,True
27,811,997,cosine,True
28,597,999,cosine,True
29,487,507,cosine,True
30,324,0,cosine,True
31,903,2,cosine,True
32,223,992,cosine,False
33,407,0,cosine,True
34,572,998,cosine,False
35,295,997,cosine,True
36,143,337,cosine,True
37,199,429,cosine,True
38,843,0,cosine,True
39,764,184,cosine,True
40,580,1,cosine,False
41,8,996,cosine,False
42,5,183,cosine,True
43,429,311,cosine,True
44,120,741,cosine,False
45,438,779,cosine,True
46,5,589,cosine,True
47,306,0,cosine,False
48,365,999,cosine,True
49,873,1000,cosine,True
